/*
Navicat MySQL Data Transfer

Source Server         : localhost
Source Server Version : 80023
Source Host           : localhost:3306
Source Database       : koablog

Target Server Type    : MYSQL
Target Server Version : 80023
File Encoding         : 65001

Date: 2021-03-02 16:45:18
*/

SET FOREIGN_KEY_CHECKS=0;

-- ----------------------------
-- Table structure for articles
-- ----------------------------
DROP TABLE IF EXISTS `articles`;
CREATE TABLE `articles` (
  `articleId` varchar(255) COLLATE utf8mb4_general_ci NOT NULL,
  `articleTitle` varchar(255) COLLATE utf8mb4_general_ci NOT NULL,
  `articleContent` longtext CHARACTER SET utf8mb4 COLLATE utf8mb4_general_ci NOT NULL,
  `createdDate` timestamp NOT NULL DEFAULT CURRENT_TIMESTAMP,
  `categoryId` int DEFAULT NULL,
  `articleLenght` int NOT NULL,
  `readCount` bigint NOT NULL DEFAULT '0',
  `state` int NOT NULL DEFAULT '0' COMMENT '0代表正常 1代表删除',
  PRIMARY KEY (`articleId`),
  KEY `categoryId` (`categoryId`)
) ENGINE=InnoDB DEFAULT CHARSET=utf8mb4 COLLATE=utf8mb4_general_ci;

-- ----------------------------
-- Records of articles
-- ----------------------------
INSERT INTO `articles` VALUES ('77a0fe85b1', '带你领略Eslint代码检查的四种姿势', '<h1><span style=\"font-size:24px\">前言：</span></h1><p>记得我刚开始参与到公司项目的开发时，由于代码结构太乱被同事集体diss，而后被强烈要求打开eslint来开发，无奈之下陷入eslint的魔爪。但是当我打开eslint的时候，我真的是去他喵的，代码哪哪都给我爆红，然后我就偷偷把eslint关掉了（机智如我&lt;(￣︶￣)&gt;）。但是，果不其然，没过多久我就又被抓住了。在经历了几次猫抓老鼠的游戏之后，我终于习惯并且喜欢上<span style=\"color:#f32784\">eslint</span>了。<br/> 在这篇文章中，我不会花太多的笔墨去介绍Eslint的使用，因为那是官方文档该做的事情。我所希望做到的是，在阁下看完这篇文章之后，能够超脱于Eslint本身，去看到它所实现的需求本身，即实现js/ts的代码检查。而后，我会以实现代码检查这个需求为出发点，引出代码eslint的<strong>四种代码检查姿势</strong>。<br/> 对于代码检查需求及其实现方案，我从个人认识出发，用脑图做了以下整理：</p><p></p><div class=\"media-wrap image-wrap\"><img src=\"data:image/png;base64,iVBORw0KGgoAAAANSUhEUgAAAu0AAAErCAYAAABq571TAAAgAElEQVR4Xu2dB5gUxdaGzwY2kbMESRJEQJJIUIIimAGzooCYwPiriAFRr4hiwogIKiBGUBHMCqKAkkQQFCSpgJJz3Bz+56vdGnp7e9LuzE53z9fP9bK7011d9Z6aqq9PnTodcyA9M094kAAJkAAJkAAJkAAJkAAJ2JZADEW7bW3DipEACZAACZAACZAACZCAIkDRzo5AAiRAAiRAAiRAAiRAAjYnQNFucwOxeiRAAiRAAiRAAiRAAiRA0c4+QAIkQAIkQAIkQAIkQAI2J0DRbnMDsXokQAIkQAIkQAIkQAIkQNHOPkACJEACJEACJEACJEACNidA0W5zA7F6JEACJEACJEACJEACJEDRzj5AAiRAAiRAAiRAAiRAAjYnQNFucwOxeiRAAiRAAiRAAiRAAiRA0c4+QAIkQAIkQAIkQAIkQAI2J0DRbnMDsXokQAIkQAIkQAIkQAIkQNHOPkACJEACJEACJEACJEACNidA0W5zA7F6JEACJEACJEACJEACJEDRzj5AAiRAAiRAAiRAAiRAAjYnQNFucwOxeiRAAiRAAiRAAiRAAiRA0c4+QAIkQAIkQAIkQAIkQAI2J0DRbnMDsXokQAIkQAIkQAIkQAIkQNHOPkACJEACJEACJEACJEACNidA0W5zA7F6JEACJEACJEACJEACJEDRzj5AAiRAAiRAAiRAAiRAAjYnQNFucwOxeiRAAiRAAiRAAiRAAiRA0c4+QAIkQAIkQAIkQAIkQAI2J0DRbnMDsXokQAIkQAIkQAIkQAIkQNHOPkACJEACJEACJEACJEACNidA0W5zA7F6JEACJEACJEACJEACJEDRzj5AAiRAAiRAAiRAAiRAAjYnQNFucwOxeiRAAiRAAiRAAiRAAiRA0c4+QAIkQAIkQAIkQAIkQAI2J0DRbnMDsXokQAIkQAIkQAIkQAIkQNHOPkACJEACJEACJEACJEACNidA0W5zA7F6JEACJEACJEACJEACJEDRzj5AAiRAAiRAAiRAAiRAAjYnQNFucwOxeiRAAiRAAiRAAiRAAiRA0c4+QAI2I5AUHydlYmNsVitWhwRIwM0EsnLzJD07x81NZNtIwPEEKNodb0I2wG0EINqT4mLd1iy2hwRIwMYE0nNyKdptbB9WjQRAgKKd/YAEbEaAot1mBmF1SCAKCFC0R4GR2UTHE6Bod7wJ2QC3EaBod5tF2R4SsD8Binb724g1JAGKdvYBErAZAYp2mxmE1SGBKCBA0R4FRmYTHU+Aot3xJmQD3EaAot1tFmV7SMD+BCja7W8j1pAEKNrZB0jAZgQo2m1mEFaHBKKAAEV7FBiZTXQ8AYp2x5uQDXAbAYp2t1mU7SEB+xOgaLe/jVhDEqBoZx8gAZsRoGi3mUFYHRKIAgIU7VFgZDbR8QQo2h1vQjbAbQQo2t1mUbaHBOxPgKLd/jZiDUmAop19gARsRoCi3WYGYXVIIAoIULRHgZHZRMcToGh3vAnZALcRoGh3m0XZHhKwPwGKdvvbiDUkAYp29gESsBkBinabGYTVIYEoIEDRHgVGZhMdT4Ci3fEmZAPcRoCi3W0WZXtIwP4EKNrtbyPWkAQo2tkHSMBmBCjabWYQVocEooAARXsUGJlNdDwBinbHm5ANcBsBina3WZTtIQH7E6Bot7+NWEMSoGhnHyABmxGgaLeZQVgdEogCAhTtUWBkNtHxBCjaHW9CNsBtBCja3WZRtocE7E+Aot3+NmINSYCinX2ABGxGgKLdZgZhdUggCghQtEeBkdlExxOgaHe8CdkAtxGwk2hPTcuQ9PQMqVypvMTExBRBnZqWLhmZWervsbGxUqFciue87JwciYuNtbwu0jYz1js+Lk7KlU32Wc+8vDw5fDRVcnNzPVUvl5IsZcrEh6Qp+w8elg1//+spq+lJ9aRKpQohKZuFkEAgBCjaA6HEc0ggsgQo2iPLn3cngSIE7CTaF/7yu4x6YYpUrlheevc4XS48p4vUrF7FU+eX3/xIvpyzUP1+Yp2aMvZ/d6pzDx46Is+N/0AqVSwvtw66RIliOx3Gep/e9hR55N7BkpSY4LWKi5b9IU++NFUys/IfUMDg+cfukBNqVA1Js35dtU4eevJ1T1ljHr5VTmt9ckjKdlshu/bsly9mL/TYAv2t73ndJCU50W1NLdX2ULSXKm7ejASKRYCivVjYeBEJhI+AXUR7Tk6ujJ3wgcyZv8zTWIjbbp3aWIr2urVqKNGekFBGnhn3rixZvkad16RhXXn47uulTq3qhaD99scGWbx8tV+QiQll5MyOreWZce/Jf9t2+T1fn3D9VRfItZeda3l+MKJ9z76DMuKpCbL5vx2Fyrrhmovk6n7nhGQlwa6iHSsMR4+lCVZNcASyKhGwgYp54sxv5sv4KZ96rj7/7E7yfzdfJXFxscUsMbDL7MgisJoHdhZFe2CceBYJRJIARXsk6fPeJGBBwC6iHQJ5+KjXZN+BQ6qWEOXPPHKb1KhW2VK0VyxfVp599HZJTEiQJ196WzZu2uo5D5899H+DpP2pzTx/M4svb50B1z5410AZ//anQYn22wZfKpec371Eoh1i9cWJ02X2vKVFyklMTJCRd18vndq3sLzHgUNHZNj/Xg2qzsF+IYyrG8FeG8j5ePAa/dLbkpGRKVbtRZjRxHdmyex5v0hKSpIMuvICueCczkrch+PA/R57bpKsXL1BFY+QrNEP3iId2jQPx+2KlOmPR6lUIkw3oWgPE1gWSwIhJEDRHkKYLIoEQkHALqJ9+mffy1vvf+Fp0pV9espN115cyLNs9Fhr0d6ofh3lnR03+ROZ+9OvnusRvvDQXYM8Ijfcoh1irmM7a0EdiKcdntXPvv1JXp860xPLDq8/ViC057lq5YpKNDZuWLeI6Z0u2v/atFVGPv2G56Ht8ovOkpuu7VPIo23uIwllysiTI4ZImxZNQvFVKFIG4v4fGD1e9S8cWMVBKFHFCuXCcj9zobD7G+9+JjO/nq8+wgPs0yNvkxNr1yiV+4fzJhTt4aTLskkgNAQo2kPDkaWQQMgI2EG0791/SB4eM1H+2bJNtQsx6c+MvE2wQdJ4GIW3UbTjHMR/T/7gS5n5zQJ1Sf9Lesm1l5/r8cLCez1t1vfqsyPH0lQcPA54T6tXrSQJBZs8y5ZNltuuv1SWr1qnNoN6OxDrjNhzfRjjwiG01/21RY4cPaY+/vy7n2XZyrXqZwjua/r1koSEeDmxdk0VxgPB/u2PS+W1KTOUl1kzGP3gEPn9z79k8odfeu5zUoM68sQDt6g6G49DR47JmFfekd179ltW2dhmb22CxxrC0FvoR43qVeShuwYK2IfygEd7zCsIccoPX4I4RturVD6+ORYbkMe8PFUWGpjjXF8rHCWt4/szvpO3p3/tKUY/SK5cvbFIqNUFPTtLgxNrlfSWRa43h0v16NJWht9+reCBxckHRbuTrce6RwsBivZosTTb6RgCdhDt3/ywRF6Y8KGHGWLKH7prQBFhYhTtFRAe88jtAhGrD3gmIdwRWnHtZb0twyYgkOGVh5DGUb/uCSrMxpw9Bd7VtRs3S05BfLUW2PpeC5aslCdemKJ+NT9ApGdkqs9++e1Pn/0AgrPfed1k3qLfZOyEDz2CHQ8S2FDb97yukpaeUUjQokCIw//dd2ORuH2rm6G9P//yu7z8xnSBsMcBwac3uZp/P/WUxnLPkKtUeFJpHXigGjthmlphQNsf/r9B0q3z8b0Muh6l6Wk/cjRVbdZdX5BlB8yeHnmrtGp+klit2oRzM2+gfErLXqG4D0V7KCiyDBIILwGK9vDyZekkEDSBSIt2s5cd4ujRYYMtQ02MQhkNtRJKEMypqeny3/bdsmP3Xjm5cf1CHtBDh48qMaZj4Ht17yDDhvYv4l2G1//+Ua95hK45/MUo3JBR5NlH75AGJ56g+Acq2ocM6KfOn/TBF54QGPx+yQXd5ZYBfT0PHfC2PvLMG/L35vyVCP2gcM/Qa6TLaS0tN6dCrK/duEWFV6xZ/4/nujM6tJLuXdrJUy9P9fxtxP8Nkh9+/tWzmRfCGbHz2Pxar07NkGx+9dYxzfZo07KpPD78RklJTipyiTmmHeEz553VMSz1W7lmozz81ETPww3E+hMP3CxlU5JLXbTjYWvkmIlq9QYHHqzAqFzZlKC/73a5gKLdLpZgPUjAOwGKdvYOErAZgUiKdghLhKwYwz/MXmsjLnPWk55dT1OhNIiHhviHuDXmNrcS9mYxhlCD3t1PL2KVP9b+LQ+Oft0j2swPCAhlmVUQimPeoBmoaDd7vFGJTu1bqlUGs2g1x3zjXIjrnl3by9CBlwhWHnBkZWXLij/Wy9TpXxfanIvQl6sv6SXXXHKO/P7n30VSPrY6uZG88d5n8uWcRYUYIt3kuT06So8z2kmtmlVDvulTp/nUdrt36DWCDC2RPNAvsb/io8/neqqB/RVX9T1H/V7annbc07gaBbs/eu9gOeP0UyOJqUT3pmgvET5eTAKlQoCivVQw8yYkEDiBSIp2eMMfHD1edu894KkwRDsE8rG0dPl15To5ePiIrP/rXzl4+KgnDj3w1oncddMVcnHvM9UlZjGGjZ3PPXq7yvluPowPCOYHCZTz0hvT5eu5i9VlzU6qp+pcvly+59OYrm/7zr3y+POTBBtFcbRt1VSGDb1GCefnX/+gkEA2x9eb62QVl4687yPvuV49uHw3b6kKtdFx8fr6hvVqKw4tmjVUXmlvKR9R78W/rhZsnMULmMwHhH+Hts3l/tuvC0kufDxgPD3uXVmweKW6FR4Knnv0jkK5+Y11sBLLVjHtaP+iX1fLp1/Pk03/7lA8wPaEGlWk/akny7lndZSmjU706qFH27HKsmXrTnV78x6L4oh2PFTiHQM/LlwuO3fvV3ZHGFfDerXkjA6nyjndOki1KhW9dm1zdqXSSj0ZzHctmHMp2oOhxXNJIDIEKNojw513JQGvBCIl2hFT/dxr7yuRaTy0aIcwMuZsL64JjaIdDwcPPDFetu7YrYpD3PSDdwywfNNoMOEvvl6YNHv+L6qd+tDnxsbGWLY/kHZqDz1E31MPDZGTm9RXce8/L11V5PJ2rZqptIjIRBPocSw1Xb6Y/bOsWb+pyCW+8tEHWr4+D5t5h48aJzt27VN/8haqpM8PRLQjv/2osZNVeJSvAw8yQwb2k3atmhYR72bvv7YZ0k3ql3v5a6tembHaZGx1LR4qunduIzf2v9jyoQXfF6ONve3F8Fcvu3xO0W4XS7AeJOCdAEU7ewcJ2IxApES7cXOdWbRjYyjCAXT4iS9k8E4ihANZWbB5sm7tGmpzadmUpCIhJuYNr1blXtTrDPm/m6+UGV/NkwlTZ6pTzOEvx1LT5JFn3hSE0PgSm2ahhXMRE333LVcpgYbrEaveu0dHFa+uy/PXRR65Z7D8tnqDethAXDyyvZiFpr8yivO5t6w+xSkL1+CFVw8++bpntcFfJhh/on3/gcMy8umJhcKCfNXNKhMLMv+8/OZ01f/0oUN2jKk7/bVZi3ZkDXp87OQiqx/ehPuwoVer/mB1GLPZGDfG+quLHT+naLejVVgnEihMgKKdPYIEbEYgEqIdoQL3jxpn6Q3VoSir/vxLvYnSKMqRjvDHhStUKAgOXx5uM2bzZj5vZtCi3SjQap9QTeBhTk7Kf3U9Mssg5lm/CAov2+lz7pnqRU8tTm7oyXpjzvOt7wmvKlJS4g2ne/YflBNqVFUhQDpFpL8uglSY2PyKA+EuOLCKgLe4nn1me5Um8oefl/srJuDPweSKPmfL6rV/S7fObSUpMSHga32daBThYPL0w7eq8CFvhz/Rbt6orMtBvD9sZtzvgAeQp0YMleZNGhS6ndn7bwyhCla0t23ZtMhbfnEzhBklJSV48r/rCvjbYLp0xRqVy14fxlWkkBikFAuhaC9F2LwVCRSTAEV7McHxMhIIF4FIiHazp9rYNi3a69etVSSjizkGOpg3dHrz7Ju5QqDeccPllmLLnw2MDxHw2E54Z6bP1QJsgL39hsuKrAggdSVCRvAmToS3IJc7DoRaGIW6t/oYxSVEJzZRQqQGepgfSvSDTKDXB3qet5dlFVe0m0U9XrAFYd6iWSPFDvsi5i/6TT758kdp3aKJSm1pfpuqOZzJKoQq0Jh2qw3JLU9uJKPuv1ntf4Cdt+3Yo/oIXgx23639LVNdah5Yjbn/idfkcEHqTmyMhW2deFC0O9FqrHO0EaBojzaLs722JxAJ0Q4oWrBBVELIzF+cH9vuK3sMPjdmbbHK1W4F3JxWUp+DF+JgY+KHs+Z4vPcQqIh1DiTPuvleRtFu3jhoVS8Vvz/yNqlXu4YgjhwvE4LYHzvhA088vzFkBAIP4SSVKpRTKRm7dmqjUjKaD6MYDubBRpdjfrtqaYh2hDaN/d+dhV6oZG6XP0+7OUQI3nvkur/i4rPVio1elYCAz8zKLhLnbxXO9Mi9g6Vbp8I54wMV7VahNrD50EGXSJcOrQo9rGVn54jE5HvhvR3mNKThsktpDFoU7aVBmfcggZIRoGgvGT9eTQIhJxAp0Y6NjuMmz5DbB18mObk5KhQmENGO615562MPB3P+dCtAyO/92HOTlOfaeEAQn39250ICPRSivUx8vFcvOzZAIrwEL+3BvRCyMWfBMkGIjX6hlLGNRk+vOQbcW7rKYMI4AulQ4RKHwT5c+BPt5jerGttWqWJ56dSuhcrSghAmK3FsftDyls0mUNGO+1ul6sTf8UBxYu0a0r1zW+nZ7TSpVaOq33zzpfUwFUifKOk5FO0lJcjrSSD8BCjaw8+YdyCBoAhESrRDgCJG96br+qhMJYGKdnP+9EBDBKw2oXoT7diIGshhDn/QnnbElyNlIGLesZJQuVL5QnH4iI/HBkWEaGDjJMJRjBsLjW00ZgkxbkT0la4yWkU7bHbw0BGZ8M4stffBnLNf2xRvv4WNO5teTGUW497SKgYj2nFPZOGBTTb9u91rt0I8+7Bbr5HaNat5PQcbbYf971VP9qNwPUwF0vdLeg5Fe0kJ8noSCD8BivbwM+YdSCAoApES7RmZWRIXGyvx8XGFXlbjLzzGvFEw0M2o5nSPgFRS0Z6WnqEygyxftU4xR7gNMsMg5vi+x8cJ0g/qFwXpbCTG+prDMa7s01PFKB84eMQjzrSYx5tdjTnNfbXbKNoRy47wDqSHDPRAXnNs6sTDBI5wiUNjPc1vlbWqqz9Pu/EavGl1/uKVMmf+L+qBCfHjxgOedohkeN5xmFdjfL3AKFjRjvIRkoM0lF9/v0gWLvtDdu7OT3NpPODZHzPiVs8eBvPnDI8JtAfzPBIggVAQoGgPBUWWQQIhJBAp0W5sglEE+RPtZu929aqV1At59GZNlKs9rBBe+oBognf79bdnejyV3kR78yb11ZtafR3I/NKh7SlKXCOswihu9YbZpSv+VHnU4fXV+b3NYtu4AoC47mceuU3F9Y9+aaosWb5alYssIbjOmNPcV3rEYMNOzO0srTAM48pBIPsT/Il22BgPZ8gypOPX0TbYA7ZHWJXO+IO/t2p+kjzxwM0qDac504+vPOjBiHY8AOn9CkbOeKiY9e1P8sGnswutCPjKg79u4xZ5YPRrkpqWoYoKZc78EA4pARVFT3tAmHgSCUSUAEV7RPHz5iRQlIDTRDtaYBR7+N28WRBv/Hzj3c8KvQUU55nFqDfRXq9uTU+4jrc+g2t7dGlnKdpxDVJC7tqzTxB3jgcFb6LdvHKg22LccAsPPl5Zj9zweCDxly/dKZ52c4pGq02f3h7u9N+NDy86Jh0PAJdffJbaJ4BNuxDwWNV4fvwH6gFKH8ZNuuY+pVc9jOJfX2cl2q+77FwZeOX5kpObK0eOpnpScuKh7JU3P1KhOH3O6ypYMdEpM7Gx+IHR4wV9QB++VjXMvLztaXDCOEfR7gQrsY7RToCiPdp7ANtvOwJOFO3muPYzO7b2bOIEYONGTuT9vv/261T2kNIU7QsWr5Tq1SqpPOBGEW32tJuzxeiNpz8uWqHemIowDuReT0pKlM+/+0n1nzYtm8rjw28skipSdy6nxLQHm8LQl6cdXnY8KH30+dwi3zGE3kBIm0NktKddPfgZXpaFkKQnRwyRNi2aWH5fzWkh9Ul4mEpPz5TmTRsoDz4ywjz05OtFXvYEmyLlI/qj+fDlPUf7pn+WvwKEdJbPjLxdvQ3XiQdFuxOtxjpHGwGK9mizONtrewJOFO0QYBBDyMCCA/HaCEPBZj6It5femC5fz12sPmtwYi15/rE7pGKFckVEO0Rbw3q1ZMnyNSqsAgc8nYgBX1wQmuLNgJ3bt5TKlSqol0Rp8YVUfpdd2ENdAs9uXGycyjXvS7TjXKMIRFzzs4/crryxCAWqVrWSpKVlFGov4t6xAdfb4RTRbrajMVzFqm2+RDtixJHDHPntAzkQOoXMRXgplvkhsNlJ9QRvNIWwtjoQm/7g6PGePmM+R4d4bdm6S55+9V2vG2LN12Fz8ZiHhwoyDJkP87sN/NUxEAaRPIeiPZL0eW8SCIwARXtgnHgWCZQaASeKdsCBxxGeR33ot0ni/UNGQd+rewcZNrS/Es9mT7sV5GA2XZo9xd7izP2J9u279srHn/8g3bu0lRZNG0qZMvGFqmYUlf5CY0qt44ToRkbvsb+2+Ytp37pjt7w4cbp6I6yvQ7+R9trLz1Wboc0een+x4ngw/PbHpeqdAYhZtzoQutKrWwdB7vhXJ30i+w8e9lknCP2H/m+QtD+1meV55nh2X+E7ITJNWIuhaA8rXhZOAiEhQNEeEowshARCR8Cpoh1xwEirCMGrD4SWNG5QV9775Dvl6cZhFNLFFe3IAvPdvKWq7LIpSarcnNw8+eHnXwVhMPoIRrRDLGI1YNvOPX6NiewnEO44zNlg4PFHCNDGTVtl3/6Dfssq6Qkn1q7pNbtJcco2bwD1JUZnfDVPJkydWeg2ZuYQ1GD63Y9LBRuBEeeOsBgI9RNqVBHwuqj3GVLnhOoq1h0bQo0hLP4eHIw3RzaX9z+dre4D8Y4VH6zc9Op2unTv3Eat7uDA/Veu3qj6C1Kd4mVfOIznn31mOylX1tqzbw79CaaOxbFJaVxD0V4alHkPEigZAYr2kvHj1SQQcgJOFe0A8fl3Pytvp7d83OZMNGbRjhfulEtJlj37D3o8plaedrNH3coIEIV40RM2P5oPK087zinOW1fNZWvRGuqQGG8dzVfWmuJ0TvNbQ5H55emRt6kXDxkPpGQc/eLbKguM8SjpZkyUN/LpNzx9yN9+geK0saTXmMNxenRpqzY4I/beqQdFu1Mtx3pHEwGK9miyNtvqCAJOFu3wYCJLzMyv51uyNoubQDeiml+uZM7wYnUzZAUZ/dAQla6Roj24rm/OP37NJb1k8NUXKk844v3HTfpEcvPyioSiGF9IFdwd8882PzDgb6F+KClOvYzXwMs+ZdpX8uHMOerP6F9jRt4mTRrWLWnREb2eoj2i+HlzEgiIAEV7QJh4EgmUHgEni3ZQQljCG+99Jl/OWVTI445NffB8NzaIm0NHjsmYV96R3QUp9pBrHa+RHzd5hqxZ/4+C3rVTGyUYjYd5w6TxM3jYW7dorF6q5O1tllae9hiRQvctrsXRht49Oiph99OS46E6xS3P33X6fv7OC+ZzCNNZ3yyQ8W9/qi5D+MdTI4ZK00b1ZOyED2TO/GWWxfl6UArk/uYXbvl6y2wg5YXjnLUbN8uIpyZ4XnR12/WXSr/zuxXKQx+O+4a7TIr2cBNm+SRQcgIU7SVnyBJIIKQE7CDaka/6v+35LyiKi4tTaRIh3AI9IPp27N6n4sux4Q8vXMKbLpHqLxQHysfbQc0pA1F2clKiJ++2t3sZBXWLZo3kjhsuC+oNpaFog93LQPjLmFfe9bxQChuL77nlSvnf85Nly9adRapv9VBm9zYGWz88ZI4cM1HW/bVFXdqpfUuV2jQlOX9fhZMPinYnW491jxYCFO3RYmm20zEE7CDaHQOLFQ0rgT37DsrYCR96VkLwQiI8jK3dsNmzefOEGlWla8fWctlFPQTC3a0HHhSRcx4banHUqF5Fhg29Rj2QuuGgaHeDFdkGtxOgaHe7hdk+xxGgaHecyVhhEnA8AYp2x5uQDYgCAhTtUWBkNtFZBCjanWUv1pYE3ECAot0NVmQb3E6Aot3tFmb7HEeAot1xJmOFScDxBCjaHW9CNiAKCFC0R4GR2URnEaBod5a9WFsScAMBinY3WJFtcDsBina3W5jtcxwBinbHmYwVJgHHE6Bod7wJ2YAoIEDRHgVGZhOdRYCi3Vn2Ym1JwA0EKNrdYEW2we0EKNrdbmG2z3EEKNodZzJWmAQcT4Ci3fEmZAOigABFexQYmU10FgGKdmfZi7UlATcQoGh3gxXZBrcToGh3u4XZPscRoGh3nMlYYRJwPAGKdsebkA2IAgIU7VFgZDbRWQQo2p1lL9aWBNxAgKLdDVZkG9xOgKLd7RZm+xxHgKLdcSZjhUnA8QQo2h1vQjYgCghQtEeBkdlEZxGgaHeWvVhbEnADAYp2N1iRbXA7AYp2t1uY7XMcAYp2x5mMFSYBxxOgaHe8CdmAKCBA0R4FRmYTnUWAot1Z9mJtScANBCja3WBFtsHtBCja3W5hts9xBCjaHWcyVpgEHE+Aot3xJmQDooAARXsUGJlNdBYBinZn2Yu1JQE3EKBod4MV2Qa3E6Bod7uF2T7HEaBod5zJWGEScDwBinbHm5ANiAICFO1RYGQ20VkEKNqdZS/WlgTcQICi3Q1WZBvcToCi3e0WZvscR4Ci3XEmY4VJwPEEKNodb0I2IAoIULRHgZHZRGcRiIuJcVaFWVtbEFi1P10OZuRIpcQ4aV0lyRZ1YiWcRSAnL89ZFWZtSSDKCFC0R5nB2VwSIAF3Eli0K1X2pudItaQ46VIzxZ2NZKtIgO375w4AACAASURBVARIIIoJULRHsfHZdBIgAfcQoGh3jy3ZEhIgARKwIkDRzn5BAiRAAi4gQNHuAiOyCSRAAiTggwBFO7sHCZAACbiAAEW7C4zIJpAACZAARTv7AAmQAAm4mwBFu7vty9aRAAmQAD3t7AMkQAIk4AICFO0uMCKbQAIkQAL0tLMPkAAJkIC7CVC0u9u+bB0JkAAJ0NPOPkACJEACLiBA0e4CI7IJJEACJEBPO/sACZAACbibAEW7u+3L1pEACZAAPe3sAyRAAiTgAgIU7S4wIptAAiRAAvS0sw+QAAmQgLsJULS7275sHQmQAAnQ0+7SPpCdmye703MkLTtXUrPzJC0nV7Jy81zaWjaLBEggLTtPUrNzJSU+VpLjYwikBAQSYmM8HJPjYqVqUpzgbzxIgARIIJIEKNojST9M996bniN/HsiQg5k5YboDiyUBEiCB6CGAB6EmFROkfrky0dNotpQESMB2BCjabWeSklVo2Z402ZGarQpJiouRKklxUi4+VsqXiZPEOHqKSkaXV5OAfQkcMjykV0yIs29FHVCzzNw8OZqVq/7blZbtWaWsmRwvHWskO6AFrCIJkIAbCVC0u8iqGw9lytqDGapFzSolSKPyCVKGS7ousjCbQgIkUNoEEHb0x4F02VngDIFoh3jnQQIkQAKlTYCivbSJh+l+8AjN33FMcvJEGldIkFMqJ4bpTiyWBEiABKKPwJajWbJqX7pyhJxVu6xayeRBAiRAAqVJgKK9NGmH8V7wsMPTjtjLc+qUDeOdWDQJkAAJRCeBBTtS1V4hxLc3r0THSHT2AraaBCJHgKI9cuxDeucVe9Nl67Es5WGHp50HCZAACZBAaAn8dThTbfKvUzZe2ldjbHto6bI0EiABfwQo2v0RcsjnP+9Mlf0ZOWqTFOMtHWI0VpMESMBRBLDJH5v9KyfGSdcTUhxVd1aWBEjA+QQo2p1vQ9WC2VuPSnpOngqNQYgMDxIgARIggdASOJadK3O3HVOZuM6tWy60hbM0EiABEvBDgKLdJV3k8y1HVEv61C/vkhaxGSRAAiRgPwIca+1nE9aIBKKFAEW7SyzNicQlhmQzSIAEbE2AY62tzcPKkYCrCVC0u8S8nEhcYkg2gwRIwNYEONba2jysHAm4mgBFu0vMy4nEJYZkM0iABGxNgGOtrc3DypGAqwlQtLvEvJxIXGJINoMESMDWBDjW2to8rBwJuJoARbtLzMuJxCWGZDNIgARsTYBjra3Nw8qRgKsJULS7xLycSFxiSDaDBEjA1gQ41traPKwcCbiaAEW7S8zLicQlhmQzSIAEbE2AY62tzcPKkYCrCVC0u8S8nEhcYkg2gwRIwNYEONba2jysHAm4mgBFu0vMy4nEJYZkM0iABGxNgGOtrc3DypGAqwlQtLvEvJxIXGJINoMESMDWBDjW2to8rBwJuJoARbtLzMuJxCWGZDNIgARsTYBjra3Nw8qRgKsJULS7xLycSFxiSDaDBEjA1gQ41traPKwcCbiaAEW7S8zLicQlhmQzSIAEbE2AY62tzcPKkYCrCVC0u8S8nEhcYkg2gwRIwNYEONba2jysHAm4mgBFu0vMy4nEJYZkM0iABGxNgGOtrc3DypGAqwlQtLvEvJxIXGJINoMESMDWBDjW2to8rBwJuJoARbtLzMuJxCWGZDNIgARsTYBjra3Nw8qRgKsJULS7xLycSFxiSDaDBEjA1gQ41traPKwcCbiaAEW7S8zLicQlhmQzSIAEbE2AY62tzcPKkYCrCVC0u8S8nEhcYkg2gwRIwNYEONba2jysHAm4mgBFu0vMy4nEJYZkM0iABGxNgGOtrc3DypGAqwlQtLvEvJxIXGJINoMESMDWBDjW2to8rBwJuJoARbtLzMuJxCWGZDNIgARsTYBjra3Nw8qRgKsJULS7xLycSFxiSDaDBEjA1gQ41traPKwcCbiaAEW7S8zLicQlhmQzSIAEbE2AY62tzcPKkYCrCVC0u8S8nEhcYkg2gwRIwNYEONba2jysHAm4mgBFu0vMy4nEJYZkM0iABGxNgGOtrc3DypGAqwlQtNvQvDGoUwz+p34q+H+RmPxfPb8bf/p1b5r67LRqyYYW5amf8/9fJK/gB8/v+CT/fzxIgARIICoJFAyrBWNu4RHWDATn/rD9mPrz2bXL+hk78/I/N427UQmZjSYBEggJAYr2kGC0LgQiOxbS2/BvTEy+FFf/6Z+VQD/+exir5LVozCt5efmTDMR9od/1Z3kiuZKnPtf/RqKuvCcJkIC7CRgdF/ljY74T4/jfj4+ZHpmtx1Ht7DA5OdTVRRwfkeHocZSosdabc+W46D/ueCkYowseBtQ4XTAm65/piImMTXlXEigNAhTtxaQcGxMjsRDj+Ffy/4UIx98wOeDfaDhyCyYd9W9enuTiP5H8fyHutXs/GmCwjSRAAoUIqHHRKLoLdLO3vythHiVjZ7i7Sr7zxeiIyXe4QNxjXD7uoCn893DXi+WTAAkUnwBFuxd2mDjilAgv+K9AmGuhXnzk0XelUcAfF/R5koOJg7E50dch2GLHEvC2egjHhfaGK8dFgVh3bEOjuOJ6lVU7ZPJXVgtWYrnaGsU9g023A4GoF+0Q5RDncdprXvA7vT2l0z0xIUC85wt7CPnjv5dODXgXEiABOLfzVwuPrx6aVw7xOQ8SMBPQThn47j0rrtqbX7DaSt8M+w0JhIZA1Ih27SHPF+gxEheb/y8P+xKAmM/JzffIHxf29q0va0YCdiVgFc5nFOkcCe1qOXfUyxOSUyDiGUbpDruyFaVPwJWi3eM9LxDm2ote+nh5x1ATMHrjtaBn3HyoKbM8pxEoJMr1fpuCvTX0kDvNmtFZX08YZYHHXq++cm9UdPYHttqagONFO5zl8cp7Hqu85/iZDvTo6u4IsclWXvlc5ZHHz4yVj64+4PbW6vAVozjP33OTH87CgwTcTkCLeuOqqxb2DL9xu/XZPk3AkaIdc1RiXJyUYYgLe7IXAhjYs3LzJCMnhwKevcRRBCDE42NjlQPCKNId1QhWlgRKkYAx2QGcNtm5uSq+ngcJuI2A40Q7hHpKfDy96W7riWFqDzzuqdnZSsDzIAG7E0iKi5Wk+Di7V5P1IwHbE0jPzpH0HOS94UEC7iHgKNEOr1P5hHjDG0HdYwi2JHwEINePZGYzZ3z4ELPkEBCgYA8BRBZBAgYCFO7sDm4j4CjRnhwfJ4lxyAjMgwSCI5CRkytp2TnBXcSzSaCUCCDkr2JCmVK6G29DAtFD4FBmFkMko8fcrm+po0Q7vOxM0+j6PhmWBiLGHd52HiRgRwIJsbGSUoZhMXa0DevkbAKpWTmSmcswGWdbkbXXBBwl2isl0hPFrlt8Agczsop/Ma8kgTASYGhMGOGy6KgmwBCZqDa/6xpP0e46k7JB3ghQtLNv2JUANp9CuPMgARIILQFsRoVw50ECbiBA0e4GK7INARGgaA8IE0+KAAGK9ghA5y2jggBFe1SYOWoaSdFuMHV2To4cO5bmN8tIfFyclCubLDEFLzVZu3GzjHhqgtSvW0seHTZYqlSqoErNzMqSNes2SUZmpmWHiouLk+ZNGqiy9LFrz34Z/dLb0qJpQ7ngnC5Sr05N+XfbLnlu/PuqbvcMuVqaNjpR3v3kO2nbsom0O7WZpx6+em1eXp4cPpoquV5i+5CZp2zZZEHb9DF73lKZNut76dqpjQy++sJCxaO8KdO+kg9nzpHkpER58qEh0qr5SQF/cf7Zsk3uH/WaOv/ZR2+XRvXrBHxtcU+kaC8uOV4XbgKlIdoxtjwz7j3ZsWuvJCUmyjOP3CY1qlW2bJq38SI2NlYOHz4q23bu8YnEamzDBRhPfvntT7m495lyxumtJKFMGTWO/LRkpbRo1kjuuOEy2bhpq/y8dJVcd/l5hcZGXzdMz8iUtPQMr6ckJpSRlOQkz+eHjhyTMa+8I8dS02T4bdeqcdZ4/Ld9tzw4erzs3ntAenRpKw/cMUDig0jF+fKbH8mXcxbKRb3OkP+7+cpwdx+W74MARTu7h5sIRKVon/nNfBk/5dMidoQw/fSreYIB3ddxettT5JF7B0tSYoIS5s+99r7MW/SbJCYmSPUqlVQOeUxA117WW0aMmSj/bdtlWVzF8mWLCNZvflgiL0z4UFKSE+WZkbfLyU3qixa4aqJ5+FbZ+M9/MvnDL5XAvrH/xdLvgm7q5z/W/i0vTpxmea9e3U+XOQuWea1L9aqV5LlH75A6tap7rtecrCaeZSvXyuNjJ0tGRv4DSZcOreShuwYqJvpITUtXPPGwYD4OHT4qPy/9Xf35zI6nSsUK5Yqcg4m2z7ldBXULxUHRHgqKLCMcBEIp2vG9y8gsun8jJydXXn/7U1mwZKVAfD989yDLB21873D9sP+9WmS8OLFOTelyWkuZ/tlcnxisxjZ85x968nUlynt17yDDhvaXuLhY0QIX4+rN1/WRx5+fLFt37JYmDevKw3dfr8YkjDPjJs+QNev/KXLfGtWrKEcGHAjejqv6niM3XXux5+MDh46o9uEBxOw0wAMABP2iZX+o8zGuPzbsBunQpnmh4n/7Y4MsXr7a8pa//bFeNv+3UxqceIK0bdXM8pxmJ9WTnl1PC0d3CmmZ2j4o9LbBl8ol53cXOLimfPiVGt9bt2gsD9w5QCpXLB/S+4aqMIr2UJFkOXYgQNFusIIW7cdS05UHCoJ87/5DShAbfzeK9gWLV8qTL08t4sHGOfcOvVq+mbtY1m7corxLKKNT+xZy9FiaEqzJSQmFJgxMto89N0lWrt4gbVo2lceH36i8Q/sPHFYTDCYyiPZTTzlJ3p8xW3mt1EB6/aXS97yu8uuqdWpStDqu6ttTFv262qtox2Q89n93Fhp4vYn2PfsOyiPPvCF/b94m1apUlCPH0iQrK1tuHXSJqodegdATo7eHFn9fAKuJ3981vj6naC8JPV4bTgKhFO1GkVWcOuMhfeCV54dctC/85XcZ9cIUVaVH7x0sZ5x+qvp5xlfzZMLUmaLH1W079siTL70t8HZjBW7MiKGSkpIkT7wwRY2j5iOQBwktNvW13kQ7Vhg++/YneX3qTClTJl7Kl01Wc8BJDerIEw/cUsiB4M35EyjzUHvhfY3/xjoFe18r0W4e2zEvndb65ECb7jkP88bXcxd7Vm4u6NlZGpxYK+hyfF1A0R5SnCwswgSiUrTrpdS33vtcZs//RW645iI57+xOguXjkWMmSoUK5ZSAhSiFCNaCVv+uJ5et23fLyKffEDWADb1aenbtIBPemSmzvlmgyry63znKvG+9/4V89Plc6da5jTx4xwD5b/suFRqSkFCmkHd75ZqN8vBTE9XDwr1Dr5Hzz+6krjcOkHpwhKdjxpc/ys7d+2XowH7KG7T/4GHZ8Pe/8tPS3wWhLY0b1pVr+vWShIR4qXNCdUlOTpLDR45KfHy8lC+Xospe/Otq5Z1HaMsTD9wsZVOSPcvVEOMHDx1Rf6tSqbxqD7xGWrBXrVxRnhoxRH7/8281yeFAXfqd300Jd/MSe15unvywcLlM+uALyTZtDIL4v3XQpdLqlOMhNlYhOyX5vlC0l4Qerw0ngXCIduPKn7+6483Be/YfVB5tiLq7brpCrZBt+ne7EssI4Xt8+M1SuVJ5mbtgmfq+G50XunxvYW8Y08a88q4Ke4EHHeOYXl3T4tdYHoT7S29MVw8PGJuwSrDury2ybcdumfTBl2qsG3jF+dKkUV1JTEiQRg3qCDz52dnZUq5sihLcqanp8vSr76rrsDLarVMbT6jh4cPHVOhLbl6eEuJ1a9eQB++4Tq2Yom0II7z8orPUWPbYc2+puQDC/fHhN0nN6lVUc80hOfv2H5KX3/pI1m3cUgQ3POqob3Jyouczc8iOPxv5+7w0RTvmnw8/nSMffDpbOp/WUu67rX+h8CN/ddWfg6HxYay44p+iPVDiPM/pBKJStGujaQ+C9sLoCScnN1cN8AcPH1VLpJiwjL/ryQXiEwId4hXhIekZGbJgySqBOEXIR+/up8vOPfvVJIDJ8JILuku7Vk1l6Yo/VbwjPArPP3aHmryMk1rdWjXUQ0OVyvmx8ZiM7nt8nGz+b4danrzonDPkaGqabN+5R/bsO6S853jowOQDz8XT494VrACYl4S/mP2zvPLWx4UmW6sJ05un7vyenWXths2qHhAEI+++Xq0cYIXgtckz1AMQlt3hLbn5ur4qxAcHxPuGf/6TN979TH7/8y+14nDtZefK5A++UJ/f0P9ieX/Gd8qjhaVWPPDggcMYXx+KLxpFeygosoxwEAiHaNfjFL6zEJq1T6imqo6xaPX6TZKVlSVNT6qn9uAYxZPRE6vHRO3IQAiEccy444bL5eGn80MAIbjwcG+1V8XokBg66BK57MIeHox6XIJzBONhmfh4tRqJcQaOFDgYdBgJQgAfHP26VKxQtpDDwzhGauFn5ewwhhoa7Qg+GMu+mL1QCfZO7VvKQ3cNUEJ0+e/rZczLU1XYJMauB+64Tj1I6BXFo8dSlbf4g0/nqLj6S87vJoePHpM585epMKAK5crKzG8WqHkEThT8zSocsKT9yija9ZyFcdp8BBuWY+VpL2ldKdpDRZDlRBsBivY5Cz1xet4GdHOn0JMhlmrhJfB2QMiv/+tf2XfgkJoEzj6zvfL86M2g11zSS23wxOCPh4MnX5qqxDsmr8fvu1F27T0ge/cfVDHsS5avUZ4hb4eeqOChGj5qnBw6fEyeHDFE2rRo4rlET7ba4w9v1GtTZqgHDwjtu2+5StUFMac7du6VD2fNkb82bVWxnJjQsGEMkykODPynNG0oEpNffFoaHlh+k9S0/M1gmJQvu+gstcHss+9+ku079ypBf9YZ7VTcKiZZ4+RevlxZeX78B7Lij/Xqekw22Gh74TldFLtQHBTtoaDIMsJBIFyi/fqrLpD/PT9JPRDjO4wH4pycHPXd03tkENYQTtGOh/rRL74t2AeDA2F0bVo2kR2798vfm7cqL7aOH7dia/TAY9Vy+mffy5kdWytRjY2sOLRA37V7vzw98lYlqhFTfv+ocQInzLOP3K485Ri/kDgA3vB3Pv5GORauv/pCWfH7ejXG6rGne6c2amO+PnA+rsOBB5cxD98mEOufz/5JOWHwIISHnztvvFyF/cA5ojeiYtUCe5XgtMDGVxx4gOrasY1c0edsQRggDjygvDrpE/UzytEe/UD7m1G0W4U7WpWDuWn6rLnK4YK6YVW1baumarUFDibMB/7CY4xhjOY6DBt6jXz69TzFCA4lOGXAA44phFniMziY9NyGORPtxsow5iTMUSU9GB5TUoK83k4EKNotRDvCR7BpaceufWpghyfd+LueRA4fOaYmRAx2yOqCMJOWzRpJh7anqJhMeMVr1agmcxb8InfecLlkZefI59/9pF6pDEGKUBBMOsYYcXQODLhX9+0pz43/wGdfwQAL73qzxvXUUi4893ojKyaQG/tfJBXKlxWdyQErA8aMBvCAYwkaXiJznKMW/6jbeWd1UhkQJr47S77+frGqEx4urI5aNauq9j01YqisXveP2lSrD7PQN1+Ph5llv62V7bv2qo8g8kc/eEuRDWDF/QJRtBeXHK8LN4FQinY8dO/bf1CFiZxYu4b8uHCFvPvJt4LxCoLzlgF9VQy5UbTr8JMjR49J1SqVpH7dmirz1eatO+TtaV9JclKSGgPrn1hLVq/7W23kxzjoz9PesF5tT4y4dlbAUbFm/SbL+HTNGd99jG21alaTM08/VQk4iH+9kbV3j47StWN+TDzqGxcbU8TDj4eB+594TfkVzJtNtfjH+Iixqkx8nLo+Kzvb43gw2xziFOE0GCsvvaC7yhgG1jjgZDALffP1GEuXLF/tCQ00hxe9Pf1rteKIAyuReOAK5ghWtGOv1MinJ3raYL4X9kphdbi4oh0rpdhobN4UXbtmNWUPzJv64dF8b6vQq2BYGM+laC8uOV5nRwJRKdqtYv8wIGMygzck0Jh2GBSedmwQ9SbaT25cX3ld4DE+oUZVNen4GqxRJkQ7YsNxXUKZeGnc8ETZ9O825TmCF+S+W/urCU0vz+qOhUkYMfmI4TQeaBs88fC0Y8lWT3iZmdkebzomxR5d2kmLkxuqBwkt/rV4vqhXF+l3fne1pP7H2n+8pnyDwEfdsKQN7/qkD78QyROVsSKYA5NFrRpV5eyup3k8UcFcb3UuRXtJCfL6cBEIpWjXdUQo2qPPvqX2xiDFIrJHYWMlvNz+0q1620QOwVqvbk2PaIcAf/TZN5UAQ7Yr7J8xlo3Ukg+MHi87d+/zoIMYRBpbeN6xl6ValUpqbw0cAcgWgxUBYxYqfSH26YydMK3Ipn/U6dweHeWB0a+pVJbaWbHxn62FnC5Ir4tMNMYsNigbIS8P3jlAYmNj1H6fuT/9amlmeH8RpgOBD5GObDXwEKPu8FgHesCT3P/S3uoBCvHg+sC8hBWJ+Dg4K4aozGHBHIGEx1QolyKXXthDhf0Yz4ezBfPSP1u2qxBIzFU6JWhxRTvqDsfSGR1ayb6DhwXZdvSDGxxarU9pTNEejIF5LgmICEV7QTcwivZAUz5q0W6V0QCfYWDKzMxSG1GxXAshi2VgnUUGHnCIZWRVgJcFYhfeGF+ZXOCthgDXG0mNvdg4qWFSQXzpnr0HpWxKkjx+/81q05C3uuqHBcTSw8tlJf67dmyt4jlRNjxz8xf/pup+47UXC7wnmIjxIIEJwBiPrsNy8MCB5VJswLU6wGrshA/V4G7O9hCKbytFeygosoxwEAi1aMdG7/c/nS3TZs5R6fkgnpCC9tILeshvqzco54Gv7EyBinZsTsdqY1xsrDz76B2Sm5sfeoMD3lTcNz9c76ha8TtyNLXId9t4r+G3X6v2ApkPs0MCYj87J1dtlIdoR0iKt8xZuiw9pliJf4xpo+6/SdoVpGdEqArSWp5Qo4pc2aenCn/5e8t2tXJhHHuNdccDB8I/vB2r1vylVmADDV0Jtp8FshHVeO+lK9aoRAo44Mi5dVA/tTqDtmIsx76ikoTHgOlTDw2RU09prPrgixOnqwQJOPTKLjeiBmtlnh/tBKJStCO2Dhs5jdljIJ4xUGPJM1jR/ueGTcpLAUGMyaT2CdWVOMfLQeDtwn/eDghwxJh+9PkPAm/2Uy+/Yzmo6wEZ3hlMjsj/azwQ6qKz1ODvxqVr5CIe9cAtKv2kVZ5jnSVGPxAs/vWPQh6t+nVPUF4wTKbwxDRv2kBN/mMnfKA89whhOa11c8/vfc49Uy2b65UALdr9ZbMwZrCgaI/2oSm62h9q0a7pYbXr7elfqXSvI+4aqDbMI34Z75YIRDz624h6TrcO8tTLUz2b6uFxNop2hLfAe9y1U2v5ackqNUaav9tG4YZsLbcPvqyI8bHRdfio1zwebYybyMKFMB0IQOwXsnpHBZwL8IZDNOKBoGO7FoUcEohpr1Orhnq4QAw3xlk4JhA6As9986YNVY72Lf/tVL9jk6wx1MYo2jH240Vz3g5sUsXegkC4F6f3ByvaEW6EjD4I2dEHYu2Rh/2cbqcpAY+juJ52czuNKTIp2otjYV5DAlHqadeGN2ePMXcIPQh6G2T1ZLNj9z6VSQVvMsWSn/b6YBDff/CIevHHlX17yuZ/d6jlWmMqRmRvwEMEPGMox5hi0viyCr2pCpMERDImH/OBdI9YisZmK7No9/XWUWM2iJH3XK/iXRHOglzxSNGGAXbAFefJv1t3ysNj3lDxrpg0cQ5CeJClBnngUff1f//rSa+m60fRzqGGBHwTCJVot3yhWZ6ocDaEZeCtnthcjiwsOuuV+U2fxhAKf6Id+2iQzhYP5A1PrKVioMdPmaEaq8ccZI5p3KCOEohWoh3n6g3x7VufrESyWfxCfL/85nQVtofDLNq9vXXUnEEGYyri3LEpFSE7SAuJVUiE4r329gy1KRLpdvECKWTsQtgPXjq3ZsMm9aBjTI2LethVtAf6YABnDDaJzvx6vgqLwcMNDqwGP/nQUOUcomjn6EUC9iEQlZ52b6Ld/EZR7RnRL1fCpho1oFWvot7+idjDR555Uw12VatUFOTpxeSFlybBowIxixi+RvVrCzxS+iHA2yYbXw8JWFbWotiYyhECHXGkiEPHAPzN3CUybvInRUT7NZf2lq/mLCzS87C8fSwt3ROjinzGX32/SHnUMQlj86n2iuiXP6lY2XsHq02uSL+GDbVX9jlbHn9+kkplhknOmPnAKq2k1VfA6HGjp90+gwRrEn4CoRLtJX2hGVpqFHxG0a7TMeJB/uMvfpDqVSsr4as3jiPcZtit/QUrjziMbzP2993W3n/jm5khIJGVSoej4GVLz457T+3ZMYr2/Djz+CKriBinhw68REa9MNmTkrJRvdoy8pk35NpLe8ukD78s9EZU/fInhHOMvHuQvDLpYyXikZv9519WqVVFbA7FJlF9WKWV9NZb/DmBStrLgt2Iiuw3GOdPadZQhTMiLObjL3+UqdO/VlXR80xpinZvDqmSsOFG1JLQ47V2I0DRPmehDLryfDm5SQPlSdYvCfJlKD2p4Ry8qRTLrzp+3Cja8TKNmBhRLynBgfAbc0y7MWeur0Ed4S8Q459/93Ohl5PgbYLf/bhUbrseadTyl3f1Zled2QHhMdh8hJSN5gPiGIfOBgHRjkkRL/7Av3r5WXuykG4NYTjY3Hb1Jb3kwdHjJUZipGP7FspbY3w9ub5Xcd4cSNFut6GC9QkngVCJdktPu6HixtSFOr2euV1WnnakTYRnHg/jGCMwPiBV7Pi3P1Xe+9zcPLXJFd51ZHP5fsEy6d65rQoXxOFPtBvT7eoXyyFEBV5xODmwcRP30S/iMYr2s85orzzi5v06GKf1CqjOI9+iWUOZM/8X6XxaK7UqibFRrwhgHH/gifFy8PAReWbkbWqjLPYaIdwPOVWsvAAAIABJREFU8eh79h1Qm22NG0SL85DkzQuO+HyM5ziQMrdSxfJBdblANqKiQJ1O8ceFy1UYJFY1sIJQs3plWfHHBs9bs0tDtONBYfRLUz0hOmCDlelTmjZQD32hOCjaQ0GRZdiFQFSKdnitEcaBVGb4Vx/wqCBeWx964xDi/PA2QLzQAwc2amJiw9sCEb/ZrHF9T+ozY3gMQkYQS4oJw9thTLXozxOjX1ACD5R+A6uOK9exoLoM80bUIQMvkY2b/itSjc7tW8qiX/9QE7DO366Xy2d9u6CIaMek/9BTr6vNRdhUirAebCwd88o7atK02kiGzUfTZn0fVJ/HCgA2R4Xy4EbUUNJkWaEkECrR7q1OEEdI7QrvMn7GAe8qVskQw4x4buOLeOAk+GvzNvniu5/ku3m/eLJ+IBwGInf+ot9k4juzVDgFMtNg8zjSReIzHObsNP5Eu/Hlcsi4NfqhIepdEYgjxxtPsY8Hm0K1aDduRMVeG4QZIgTIeGCMxhucsQJ4DG9HHXmrtDy5kToFL86Dw8Uo2hGCg/EU4SIY23AuxkKkp8SGTf0mV+NGVJU285V3ZPee/QF3B71Sq/Oz6wt1Gkr8bvboB1J4IDHtKAcPQVgpfuejb1RGMasDD2jweiOUM5yedtwbjiiER+nMMrqOeDi0yiIUCAvjORTtwRLj+XYmEJWiXcdPmg1j3v3vTbTrCQ8T1RMvTlEZYAZddYGKgYRoR8oyDPJ4iUjPbh08g5Euz5hFxfgqa3+iXYenrFy9QXm9hgzspx48sDytX9PtLZ2lMaYduYWRqQUPI4jpfOnNjwRlmnO1aw85/g6vPTzvyAKRmZUtSYnHM8AcOHhEkAMeOY7xohLEh2ISRVoxhBiV5CiXkhySF2yoiTrDOrd8SerHa0kgFATCIdq1c2LeohUyb9FvHrGO7E4Vy5dTbynWQgkCHukH+57XTaV9xUuKkPUF2axwwFEBEYuVNLyIaP7ilZ43hyI97SPPvqlywyPneXp6pko1ibho/WZnf6Id99DhKahT3/O6qs2hyHil48iRfcb4ynvN3ThuIVwQjhhks0pKShBkSHn1rU9UyKLVBlIt2uHVxp6g9IwslWYX6R/18cPPy1Wue7xkDl53vAgOK6QIKzQKzWD7AZjjzaV6wz5WYdG+uPg4FdeP+wVzBCPa9WoJHkjg3cdcpl+uhJdtXX/1BeoFSDjCLdrx4If3f8DW2MgMW/Tq1kEGXnk+RXswHYDnRgWBqBTt+rXZEK3ndO2gMg/AS/PwmIkBGx3eCrzA6Nsfl6hsCMhxDs8NlnTxFjcsdZq9ziWJadcVw5Lt42MneyZg/B2Dq86pq+8BDwk8YPCmZGdnF5qwvIWr4OUpWBLVh1G04wHBasL0Bsy4fB0wVIsT9ZteS1KGvpaiPRQUWUY4CIRStMM58PjYSSq9ovGA8MbeGjgTIBax7wYvW/v2hyWF8owj3ARvrYQHedWff8l5Z3VUaQ/hfcceFryXAgfENMJPsNcHDovN/+0odD/jm5cDEe04B/c0vx1Vj0vGMhB6iLdFm18M5y1cxThGopL6PC3akTDAX8pI3TiM/Xhj6YgxE32uovrrJ1Z7m+CYwQGHB4/QEKCnPTQcWYo9CESlaIegRo5fHW8JU5g3ofozT4tmjdQrqF+YME29CAlvJUXsOjzOSK0Ib9aYEbeql3noIxSiHRMnvFx4kyk8I5iIMQnDMwWPjW4H6nfd5efKiwXnDb/tWqlXp6aqijE/L35HGZ3bt5C7b7mqUBylUbSjjeMmz7BMGWnFCi+b2rFrb9BhMeayUA7EQSgOivZQUGQZ4SAQStFuzokNj3XPru3lsgvPUqtr5gNjCrzuGLswfkCIIwMWVtbq1qruSf2H65YsXyNjXpkqZ3Zs4xH/uP6L2Qvl9bc/9WQfgUPj4bsHqTA6HIGIdpyHsRlx1joNIbK8PPHALeodFgjr0WOQcXzp2qmN4CVPOLCyB6fG8lXrPM3Ehnk8hHTr1Mbj1TaLdoTPWKWMtLI1xtaBV5wnYydOCyosxlwWyrnjhssKhSWFo29Fe5kU7dHeA9zV/qgU7aE0IWIasfSK7C16csLkUrZscqEXDOGz/QcPqyVYLK8iblNno9H10fnjdcy8+Y2nxnpjEsRruitXKq/CUXydW9z2btuxR+VCxsYyxHM6/aBod7oF3Vv/UIp2UMKm99Xr/lHjDIR6oOPD4SPHVFiJHs+sBD42bCL0JdAyUQaEPUJX8ECBjY++YpVxLu6B/7Ap0RhrH6oegBj6Nes2qfrgTalYeeDhTgIU7e60a7S2iqI9Wi0fhe2maI9CozukyaEW7Q5pNqtJAmEnQNEedsS8QSkSoGgvRdi8VWQJULRHlj/v7p0ARTt7BwmEhwBFe3i4stTIEKBojwx33jUCBCjaIwCdtwyIQFJcrEC48yABEggtgfTsHIFw50ECbiDgKNFeISFeYvG2Ih4kECSB3Lw8OZyZHeRVPJ0ESodAQmyspJShaC8d2rxLNBFIzcqRzFyK9miyuZvb6ijRnhwfJ4lxsW62B9sWJgIZObmSlp0TptJZLAmUjAB8ERUTjr/7oGSl8WoSIAFN4FBmluTlkQcJuIOAo0Q7vOzlE+KFvnZ3dL7SagXG6yOZ2QJvOw8SsCsBxrXb1TKsl1MJMJ7dqZZjvb0RcJRoRyPKFCwjU7izUwdCADIdy6NZXB4NBBfPiTABCvcIG4C3dw0BCnbXmJINMRBwnGhH3eFxR5hMmdgYxrizO1sSgFc9KzdPMnJyJJcOdvYSBxHA+IaxLS4mf3zDv9zK4yADsqqlTgCLqDl5eWo1Ff9i7OfKaqmbgTcsBQKOFO1GLnpSi4uNkXhMcLExDJ8phY5jp1tAk+fk5kk2Buzc/EGbA7adLMS6lJQAVhYx1uWPd8d/ji34uaTl83oSsDsBjOlwwOT/i3H++M/0y9jdeqxfqAg4XrRbgcDEpgU8vFT0VIWqu0S+HO1RgTDXQp0CPfJ2YQ0iSyDfK19UzMcKvfSRtQzvHigBjO25ki/IjeIcP2O850ECJCDiStHuTcjnC3iR2IKlZ/zOw74ElDDHAK6858eXP+1bY9aMBOxH4LiXXiSmwFuPHFz5nvv8v3EktJ/d3FQjSO48oxiXfC+58W+U5W6yONsSLgJRI9q9ATweN3pczGMy4yQWri5XuFwM1DoOUYtz/Xvp1IB3IQESgP8CXnkt4pWgFy3yBf569RkPEjATgCc8T3nIC4S5WZDjUypydhwSCAmBqBft3ihqL1SROFIuNwfd8YzLnsY4RL0EGnSBvIAESCAiBJSoLxgDtXOj0L/qc3rvI2KcEN1Ue8Xz/y3wiGsh7hHkx4V6iG7LYkiABAIgQNEeACTzKb6Wm7XHKloib7Qg14M73jvHZc9idCpeQgIuI2AU78Zx0fx3/RBAsR/aDmAW3/CGY5wuIsot/h7amrA0EiCBUBGgaA8VSYtyjnugjnueVEyp8kQd91ipyQr+qQIvVRir5LVotXpZsMypPSx6kIcQR+yhMS5Rh7VEoq68JwmQgLsJmIU9WltI3Ks/5Icx6qidfEeJ4W+G8VSPr/ln2OPwRIwUjLsFQ3DBOJwvrpU/u+BENf6qPxWMxQWe8Pzf8r3iRkFuj1ayFiRAAqEkQNEeSpohKktPWMYJRnvu8yec49OO/mnFvjT1SbuqyQVDvbEyeljPH9g9k4NBjIeo6iyGBEiABBxBwDOKFvxgtZPJSuDP23FMta9HrbJF2mkVuu0ZfU1jryMgsZIkQAK2IkDRbitzFL8yn285oi7uU7988QvhlSRAAiRAAj4JcKxlByEBEogUAYr2SJEP8X05kYQYKIsjARIgAQsCHGvZLUiABCJFgKI9UuRDfF9OJCEGyuJIgARIgKKdfYAESMBGBCjabWSMklSFor0k9HgtCZAACQRGgGNtYJx4FgmQQOgJULSHnmlESuREEhHsvCkJkECUEeBYG2UGZ3NJwEYEKNptZIySVIUTSUno8VoSIAESCIwAx9rAOPEsEiCB0BOgaA8904iUyIkkIth5UxIggSgjwLE2ygzO5pKAjQhQtNvIGCWpCieSktDjtSRAAiQQGAGOtYFx4lkkQAKhJ0DRHnqmESmRE0lEsPOmJEACUUaAY22UGZzNJQEbEaBot5ExSlIVTiQlocdrSYAESCAwAhxrA+PEs0iABEJPgKLdxHRfek7oKZdCiQt3paq7nFEzpRTuFvpbVE2KC32hLLHUCex16Pen1EE55IaHMp05HoYT75oDGar4lpUTw3mbsJZdIYHjbVgB27jwapxrbWwd/1WjaDcx0l4U/+h4RigJ9KlfPpTFsawIEeD3J0LgeVsSIAESCIAA59oAINn4FIp2L6LdaZ5fvULg1HpzILHxKBFE1bRod1o/DKKJUXWqHlfKxMZEVbt9NTYrN0997EQmuu78fkZfd9bfZc61zrY9RbsX0e60ju3UOEun1tvZX/vw1Z72DB/bSJRMe0aCevjuSXuGj63dS6bt7W6hwOpH0U7RHlhPCdNZHEjCBDZCxdKeEQIfptvSnmECG6Fiac8IgbfBbWl7GxghBFWgaKdoD0E3Kn4RHEiKz86OV9KedrRK8etEexafnR2vpD3taJXSqRNtXzqcw30XinaK9nD3MZ/lcyCJKP6Q35z2DDnSiBZIe0YUf8hvTnuGHKljCqTtHWMqnxWlaKdoj2hP5kASUfwhvzntGXKkES2Q9owo/pDfnPYMOVLHFEjbO8ZUFO3BmMqpHZv1DsbKPDdcBJzaD8PFw+nl0p5Ot2Dh+tOe7rJnMK2h7YOhZd9z6Wmnpz2ivZMDSUTxh/zmtGfIkUa0QNozovhDfnPaM+RIHVMgbe8YU9HTHoypnNqxWe9grMxzw0XAqf0wXDycXi7t6XQL0tPuLgsWvzX8LhefnZ2upKednvaI9kcOJBHFH/Kb054hRxrRAmnPiOIP+c1pz5AjdUyBtL1jTEVPezCmcmrHZr2DsTLPDRcBp/bDcPFwerm0p9MtSE+7uyxY/Nbwu1x8dna6kp52etoj2h85kEQUf8hvTnuGHGlEC6Q9I4o/5DenPUOO1DEF0vaOMRU97cGYyqkdm/UOxso8N1wEnNoPw8XD6eXSnk63ID3t7rJg8VvD73Lx2dnpSnra6WmPaH/kQBJR/CG/Oe0ZcqQRLZD2jCj+kN+c9gw5UscUSNs7xlT0tAdjqtUHMtTpLSsnBnNZxM9dsjtN1aFTjeSI1yWYCjiVdzBtjKZzf9uXLomxMXKKw74/0WSjYNq67mCGxMTESLOKCcFcxnNtSoDjrU0NUwrV4thcCpBL4Rb0tJcCZN6CBEiABEiABEiABEiABEpCgKK9JPR4LQmQAAmQAAmQAAmQAAmUAgGK9lKAzFuQAAmQAAmQAAmQAAmQQEkIULSXhB6vJQESIAESIAESIAESIIFSIEDRXgqQeQsSIAESIAESIAESIAESKAkBivaS0OO1JEACJEACJEACJEACJFAKBCjaSwEyb0ECJEACJEACJEACJEACJSEQtaJ95R/rZdmvq+XmwZd55Ydz3n7vM3l8xK1SsWJ5dd6hQ0dk/JsfyW03X6n+ht+fe3mq3HT9pdKgXu2S2KLQtRkZmfLOB1/IlZf29tz7zSkzpMNpLaVNq2aeunz06WwZ2P9iSUxMUHV57KnXZdv23UXqUad2DbnnjgGCMlBXHJ99+aMMvfEKdW0oDtT5hVfflRWr1gZUXLvWzeXeOweo+wd6LdphtEdAN3L4SZrN+eee6bG9uUmw6+wfFhf6c++zOxf5mz4Bnxn7Pq6vU6emXND7TE8Zuj/17tml0N9xAr4bTz77ZqH7NWvSQP2+fuPmIsQHD+hXpAxfZkH533z3s6d/6HPN3wH9969n/yyfzJojjz44JKDvIc7HYWxvaXWTaLLn5n+3y6inJ8qRI8cUXqt+ZxzTaM98AkZOVv3F37yD/j3l3VmeLm38/vm7Vl/kbY709d3h97PwGOxtvPU11mRkZsm4CR9K5coV5IYB/QIelszaxGqM1oX5Go/1uH/9dX29zjfGSkVrPwnYMCE+0dWi3UrIaKG4dsMmn6IdA9O2bbuUsDF2SuMXA4J58bLfAxYKwdhu1+598uqED5UAevj+m9WXxzgg6smwSaN6RYSNcVA1tsM4WKMuoRbt3tpnJQjN52JimjDpY+l70VleRRfa/Nbbn8rw/xvkeZAJhqmTzw1ElJond2/C19gnwARcdV/A98Isxo3cypcvW6i/G6/19vCH+9WuVV31YauJxGoCCUa0ow4vjntXup/RXtZv3FLo++Br4vLWH4J9wChOv3KLPdF2X4zND9kYg5KSEj2OAiuRR3sen3vA10q0m7/D3vqgZgmHzZy5i70+xOs5xlwO7INDP+B7+17q62jPoo6GQG1lZA+bx8bFSpn4ePVnsx2s7G0l2q0ck4E4LKwclr7GuWjtJ8UZ+0t6jatFu4Zj1Ul9edqtxD7KguC/YWA/GTN2kvJm64GuOF/KQA1nrKdxQPQlhJ0q2gPx0rvd014ckan7oS/RPnf+L56HUHN/fW/aV3Jml7bqYcnXpGz1YGX+bplFvPkac/ne+rHVeeaVBLS7Yb3aanVJe4VQ3t59B4s8yOrvm57YTqx7gvrTf1t3elbNAv1OBnOe2+2pRbvVqoi/SZ72PL6a5Ov7af5e+1pRBXM9HnjzmBqdN7VqVlOro3oVz9vc58uWmBfhFZ47b2mh0/j9zHf6hUIf+BPtZrvBJmd17yBjX3nH0nTaMWFekQlkbMO1cGiav7/+rnVyP/HXttL8POpEu69OavYimg2Ba1OSE2Xx0t8LTfSBeJKDMWpxvkgYIPFU7euL1PfCs2Tdhk1hC4/x1sZA+NDTnk/PnyfL7I0xTrjFEe243/Yde+SMjq2V+G1x8kk++5DxO2K1zG4W7VbeH6PAQ99ITk6SX39bYxnWpR+WEUaVnp5RSKB7C99BmWvW/V0ojEqLZ/3Qt3DpKoVSt/vwkWNhWTFzuz2D7bPG/msWlbRnUZFnJcZSUpKkSeP6RUK7jGOoWYwH8vBoDFcMZr4yPhAbH6BpT2vRfujwUYGj5KdFK5SeuOqy8yQzM0tW//mXx9lgnDPNfcCb46qknnarkNxAVlKD7StO/N4H28Zwnh91ol3DtAoR0KEXOMcqNhxPmD27n14kbtuf2C+pAbW3HeXgS7Thry0eb4q5bLNwc1J4DD3tha1p9hr7Wh0yP+hhYO930VnqAROC15snzzghII4W8cWBek1xz1W/ry8SjmJckjXXubiedt33ER991639pXnThup7ePRYqvo+GA/d9llf/igIH5v3869BfQXNcddBXezjZDfaU4t2XyFVZiSarw7xoz29fz/BzihyKlUsXyiUzbjnyijaDx46UijMzVtMu1nc+9pbBMcQ7q/nyU3/bi80VtCe/sdb8H359ffVHo8B11wsFSuUE4xTv/2+TurXrWUp2tPS0mVywf6E6666UGJjY6VcuRSJiYkp9NUyriLiGozl3r6X5hBA3ce6dWknPXt0LBR+inF+9txFhZwg0dxPQjUfFLecqBbtgKY3ohnjpfF342ZT/B5IHFhxjWB1nfFLoSc5/fRtXJoyPzCYRZG3pblwPEF7az897cXvGcaJEKX42jztz9Ou+7u/mHaI9l179nn1fOvJ27jBEGXj7/DaGzfAGVuOz3GYJxJMIDj0HhItBM0PD/BOLVuxWt0j2LhzbxvkdP2C8YgX35r5D936wcMN9tT7FAJ90DOyoz0Lh8d4+34aveS631vFuXtbrdRzl6+QBm8hdqiT8V6+RDvt6d+ef677R157Y5qMuO8mgXPByBc/68QM5jnTX3gMrtUOmGDHRj0mXXRuV/lv265CySn0amq71ifLl9/95FmN9Nb/9Mqv2/tJSeaAkl4btaLd/KUwi3ZvnvZTTm5UaDOk7rytT20WskwUqJvVBlcr4aEHdHxRzXXTDxtGMWT0yIbLo2julIGKdnra88lprwdCVYwZXnx52s2Tq1lMIRORzg7jbfXFGNNerWollbkIm637XNhDPv9qnud3eHBWr/lL9u0/KCnJSSp7kTFMx2x/4wCPz8zhMaiXXsHSsbVmEQ0mqEtqWrp07NBKli77w7Np2TyBWPW3QGJ1Sxoe4G0wdrM9iyvaac/8Tdn6u+Dt+6mF+D+bt8o1V5zv6fcQfziwwVs/yBvD1fC5HvfN84av7DHF9aAidI3fT//2nPfTr7J46aoie26+/HaB/LF6Y7FFuw4z1Ht0EP7nzXmixynM/716dlab+LFRGeO/eew0J+TQ/RVleJuvfa3IOLmflFRsh+r6qBTt3mJxjeEx3jztRmGsvxjedt4X10jFjWnXqSDN9y3tVYLiinZmjylMDpP6K69/4PFu+Hv48eZpt9o8re9k7GtYtWndsqmkpqaLP9GOvqYH9FCIdqx4GWMyzUvvOgMNBIpOEWicUHQfR4y6VQpWO3ja3WhPLdphF90PfKV8NW6A04KT9iya3MD4/UxPS1dZkfQDrXmVVH8P8JCt+z6ux3yGh370/QHXXCSffjbXazpe7cAprgcV4Xe0Z75o9zXehku0a2ePWbfofuTP4aPPM2eYMwp64+wUzf2kuLouVNdFjWjXT516V/WP85cVeto1DoR6w5s537n2ZuuwgGCXoUpiNHzp0Iby5cr6THkYyIYjXY/Sqr8vsenLs+OLV7i8oiWxUSiuLc4Dm3nCRdYA9G89yaPMRUtWqupdfkkvT+pFc6iNtkXnjqeqOEurfP8ow5w1SYu1Zk3qqyVUnZNb88AGaGw0RYYXb552c750s6d93k/LpPPprdW7C7TIM04wiOHFhKnbrpeZdR0i5Wl3uz3ND2++HryN4wDtGdj3s2rVSnJGpzYy+Z1ZfjO84HumPa1IqwlPKB6+zdmUwuFpX/zLKn4/C96j4Wu87dGtg0rl/MA9g0MeHmPeiGp01pl1ga99eMZ3K3hzSBZ3Rcap/SQUc3uoynC1aNcTtbGDGvPWGl+GZBQJEO2BeNr1C5cCfYotrtGMHjqU4e3p11v5TvC0F5dNNFxnHCB9repogWjs77rvYJKAp80YfqJFu3GQxrXYGIjPfIXHBONpN4trq5h2f6LdKL6NL+PRQlCvgJVNSfa00dg37OBp1/Vxkz2NGxmxOThQ0U575r8ELJDvp5VX02rcM4s28/4Jf5uFMbboDd7GF7kFGtOOOpm/Z/x+5r8QT2sEOC7GvTFN9u8/GPBGVHDVm0FvGXyZpKdnSqsWTaRMmfwc7vow2t/40GZ+14yvOdMsxr059orradfv8nBDP4mU9nC1aDdD1U+bVsLHmAkjWNEeLlGsRZjVC0p0zH0goTnhql+gndZfWIdx0NHtMg4WRi9pIO0NtF52P88opjUPbyzMmUn0BKr3RpizRBg3p2lPnM4wo8V6IKLdGDfpzTbGB2XtEfe24UrbxNvGUF/i2yxa7GZft9sTvP3tSzGLANoz/+V83r6feJgNVLRbZWbSKYCNK5OBeNq9iXZjCKbVd5T29G/PYFM+4nu1b/8heem192Tj3/9K29Yny603XSEVypfzKtoRuovMXlj9XLBohcoktvGvf72+Ad5qbNIPCxjjzfvf/Il2N/eTSM8rUSPazfGkVss7xpdSaE+7cUOH0RNhjNsMZcpHY738hYCYM8ygMxXnhQfmUILidspAQhDMZes0g/ACGR9O8EbYmjWqFqlKcXfIF7dNpX2dMZzCn/01C7NY9rbx0Ry/DrGgV5vQlxB6AqGOA5vKEPaiPSP6gdfY133FtOs66BCbQDY9m5dwrbw8WhQgO4E5e43ZVsV9CUggdQ20X7jdnkaR5i17iWblbYMwVk5oz3xvqn4INn7PvIl2X3MYWOPQG9kDGZsx3tx+y1Xy2hvT1WqV9rpjrjPWx1iWt4cw2tO7Pc1jR05OjkyY9IkkJyfKDQWZtAIdX4zfLcz9Ovx32iffelI0GgW5sVyMc0gCgD7nb64xZzAyJg6Ihn4SrD3CeX7UiPZwQmTZJEACJEACJEACJOCLAAT6u9O+lJrVq8rpp7WS7Oxs9bC25Jff5eHhN0m9E2sRIAn4JEDRzg5CAiRAAiRAAiRAAqVAAJ7v96d/LX+s2ajuhv04/a84XxqfVK8U7s5bOJ0ARbvTLcj6kwAJkAAJkAAJkAAJuJ4ARbvrTcwGkgAJkAAJkAAJkAAJOJ0ARbvTLcj6kwAJkAAJkAAJkAAJuJ4ARbvrTcwGkgAJkAAJkAAJkAAJOJ0ARbvTLcj6kwAJkAAJkAAJkAAJuJ4ARbvrTcwGkgAJkAAJkAAJkAAJOJ0ARbvTLcj6kwAJkAAJkAAJkAAJuJ4ARbvrTcwGkgAJkAAJkAAJkAAJOJ0ARbvTLcj6kwAJkAAJkAAJkAAJuJ4ARbvrTcwGkgAJkAAJkAAJkAAJOJ0ARbvTLcj6kwAJkAAJkAAJkAAJuJ4ARbvrTcwGkgAJkAAJkAAJkAAJOJ0ARbvTLcj6kwAJkAAJkAAJkAAJuJ4ARbvrTcwGkgAJkAAJkAAJkAAJOJ0ARbvTLcj6kwAJkAAJkAAJkAAJuJ4ARbvrTcwGkgAJkAAJkAAJkAAJOJ0ARbvTLcj6kwAJkAAJkAAJkAAJuJ4ARbvrTcwGkgAJkAAJkAAJkAAJOJ0ARbvTLcj6kwAJkAAJkAAJkAAJuJ4ARbvrTcwGkgAJkAAJkAAJkAAJOJ0ARbvTLcj6kwAJkAAJkAAJkAAJuJ4ARbvrTcwGkgAJkAAJkAAJkAAJOJ0ARbvTLcj6kwAJkAAJkAAJkAAJuJ4ARbvrTcwGkgAJkAAJkAAJkAAJOJ0ARbvTLcj6kwAJkAAJkAAJkAAJuJ4ARbvrTcwGkgAJkAAJkAAJkAAJOJ0ARbvTLcj6kwAJkAAJkAAJkAAJuJ4ARbvrTcwGkgAJkAAJkAAJkAB4h0ZGAAAHPklEQVQJOJ0ARbvTLcj6kwAJkAAJkAAJkAAJuJ4ARbvrTcwGkgAJkAAJkAAJkAAJOJ0ARbvTLcj6kwAJkAAJkAAJkAAJuJ4ARbvrTcwGkgAJkAAJkAAJkAAJOJ0ARbvTLcj6kwAJkAAJkAAJkAAJuJ4ARbvrTcwGkgAJkAAJkAAJkAAJOJ0ARbvTLcj6kwAJkAAJkAAJkAAJuJ4ARbvrTcwGkgAJkAAJkAAJkAAJOJ0ARbvTLcj6kwAJkAAJkAAJkAAJuJ4ARbvrTcwGkgAJkAAJkAAJkAAJOJ0ARbvTLcj6kwAJkAAJkAAJkEAUEoiJiZG8vLxCLc/NzZX4uDiJj42RrJxcKVsmXo4cOSIHDxyQipUqyaH0dKlcuYq6JiEuVpLi4iQtO0eycnPV33B9Yny8+gx/j4uNkaS4WMnMzVP3yszJP08deXmSfuSw7NizV5o3ayqpmVkSGxsrsTExEp+XKweOHpOy5cpJQmyMHE1Ll4TERHVZuTLxsnHjBjmwf7/ExcWJSIxkZWdLuSpVpUHDhl4tSdEehZ2cTSYBEiABEiABEiABNxCIj41VAj0nJ0ckJlaJ78S4WMnJSJfVf66VhvXrycqVq6RmzZqyZctmmTFrlrw28Q11zq6du+STjz+SenXrSs9evaVMckr+9bExsm3LZpk8ZYpcP3iwlE1OlhdefFFy8vKkZes20r9/f4UO4nzn1v9k/YYN0qN7D/nqm2+kR+9zJSWhjOzctlU++uhjueWOO6VsmTiZNHmyXD3wesGDRurB/fLoyJGSmJwsSSll5YTq1SQpKUkkvoxcN+h6inY3dEy2gQRIgARIgARIgARIIJ9AYnycxOTmym+/rZBvv/5GLr74Itm174Cc2aOHrFu5Qt6ZOlXuGTZMfpw7Vxqd1Fh+//13ycrLk9vvvFP27twh69etl9Rjx6RylSry67Jf5J9//pHO3brLhX36yv7tW5XQ7n/dAPlv8ybJzcmR+OQUaXDSSVIuOVn+/fsvycjIkNS0NJk2bZpUrV5d1q1dK/9333Dp1LmL/P3napk9e7ac2rqN9OjeTd5/7z2JTUySC/v2k4zDh+SFF8bKs889J7Fx8cpjP2zYMLmgTx/pfMaZFO3s4CRAAiRAAiRAAiRAAu4hkJ16TLZt2yZZWVmSevSIlC1fXt568025e/j9UqtqFVm6ZIk0aNRIEsqUkYoVKyoRvWnrNhly2+2y9vdVUqdmDUlKTpYlS5bK/gP7pdoJtaVq9WrS9tRTlaf+5ptvllvvuFOWL/tF+vbtJ4OvHySjn3teWrY6VQ7t2SWvvvKKND/5ZNm4caPcdMsQqVi9hsSISEpigiSXiZdRTzwh7Tp2luaNT5J+ffvI4Jtvkf4DB4lkpMmdd94pb741SXbt2C7LflkmR9LT1WcIwYE33upgeIx7+i5bQgIkQAIkQAIkQAJRQ+DYgf2yfu2fkpsnUqliBRVPPvXd9+TSK66Q5o0by0fTp0n1GjVEYuMkJzND1q9fL9Vq1ZYBg2+Q7LRUWbZ0qezZtVNmzpolN954kyxeulTuum+4JCYmyr7tW+XGG2+U96dNlzo1qsuMmbNkxcqVcue9w6RcSors371LnnhilFxx6WWyZPlyGX7vver6dh07SYLkyZZ//lae+rPPO196nXWWDLjuWpkwZaqyzYGdO+Tzz2ZJ29M6yLhXX5WhQ4cqj3/rDqdL+QoV6GmPmh7MhpIACZAACZAACZBAFBBAXPr3334rKSnJUrfuibJhwwb5+rvv5H+jRsm+XbtUeMyNN90olStVktRjqbJ7zx75evZsuWfYfUpY//33X2qD6pb/tsqVV14hsz7/Qnqed77ahJqVliYDBw6QD6dNlylTpijveau27aRx81NUPPzE8eMlPTNTevbooeLkH3r0MXn2iVHSvmMn6dGzp6xZvkxmzJghl19+hVSqVEnW/rlGXV+xWnUpn1hG5v/4o9qkWqlSZUkpmyK/Lv1FMnJz5byLLpbk5GR62qOg/7KJJEACJEACJEACJBA1BL6cNVMWLliAVC7yz6ZN0rPXuTLk9tvl5bHPq1j1k05qLN9/+438uWa17NmzR7qedbaMevIpmfnxRzJ10lvKsw1RnZ2dI5s3b5JhD46Qc3r3lsceHiEHDx6Qu+65V15+4QUZ/tAIefWFsXL51VfL6R07yQP33iM33DJE9uzeJV9+/rk89dzzcujQIdm3Z480atxYtm7ZImOffUY6dTlDFv68QIXNZGVmyQV9+kqffv3kwXvvkX379kpySlnJzMpUGW3i4+Pl7vuGq3pbHQyPiZpuzYaSAAmQAAmQAAmQAAk4lQBFu1Mtx3qTAAmQAAmQAAmQAAlEDQGK9qgxNRtKAiRAAiRAAiRAAiTgVAIU7U61HOtNAiRAAiRAAiRAAiQQNQQo2qPG1GwoCZAACZAACZAACZCAUwlQtDvVcqw3CZAACZAACZAACZBA1BD4f4Z5qap4BvYhAAAAAElFTkSuQmCC\"/></div><p></p><p>接下来的行文，我都会围绕这副脑图展开，如果您有兴趣继续往下看下去，我希望您能在这幅图上停留多一些时间。<br/> 好的，按照上述脑图中的逻辑，接下来我会分成以下几个部分来展开探讨本文。<br/> </p><ul><li>理解代码检查</li><li><span style=\"color:#07a9fe\">为项目接入Eslint实现代码检查</span></li><li>基于Eslint及其规则实现&lt;编码后检查&gt;</li><li>基于Eslint及其规则实现&lt;编码时检查&gt;</li><li>基于Eslint及其规则实现&lt;构建前检查&gt;</li><li>基于Eslint及其规则实现&lt;git提交前检查&gt;</li></ul><p> 好的，理清了行文思路之后，下面我们进入第一部分，理解代码检查。<br/><br/><br/>作者：摸鱼酱<br/>链接：https://juejin.cn/post/6932298521584353287<br/>来源：掘金<br/>著作权归作者所有。商业转载请联系作者获得授权，非商业转载请注明出处。</p>', '2021-02-23 19:41:39', '1', '718', '17', '0');
INSERT INTO `articles` VALUES ('7bd8f803d2', '你可能不知道国际化的那些事...', '<p style=\"text-align:start;text-indent:2em;\">如果您正需要做多国本地化，并且有做阿拉伯语复数的翻译时，这篇文章对您应该特别有用。</p><p style=\"text-align:start;text-indent:2em;\">本文章主要结合vue去说国际化的事，说起国际化第一个想到的肯定是 <code>i18n</code> , 在vue中使用 <code>vue-i18n</code> 库来做国际化的事情，其他框架其实也是同样的道理。</p><p></p><h1 style=\"text-align:start;text-indent:2em;\" data-id=\"heading-0\"><span style=\"font-size:24px\"><strong>概念</strong></span></h1><p style=\"text-align:start;text-indent:2em;\">什么是国际化？</p><p style=\"text-align:start;text-indent:2em;\">在应用中，当应用处于某种语言环境下，应用会根据语言使用不同的翻译。（个人理解）</p><p style=\"text-align:start;text-indent:2em;\">国际化翻译成英文：<code>internationalization</code> ，由于单词首尾中包含18个字符，因此 <code>i18n</code> 由此得来。</p><h1 style=\"text-align:start;text-indent:2em;\" data-id=\"heading-1\"><span style=\"font-size:24px\">复数</span></h1><p>在做多国本地化时，语句中出现数字的情况肯定是不少的，而出现数字时都有对应的单位，比如语句中带有：<code>1次、5次、1分钟、8分钟、1天、10天</code> 等类似的数字与单位。<br/> 如果是英文的情况下以上对应会翻译成：<code>1 time、2 times、1 minute、 5 minutes、1 day、10 days</code> ，而翻译提供的可能只是用 <code>1 day</code> 这样的翻译。如果数字大于1的话，就不应该用 <code>day</code> 这个单词，而是 <code>days</code> 。在 <code>vue-i18n</code> 中其实已经提供了 <code>|</code> 管道符用来处理复数的显示。如下：</p><p></p><pre><code><span style=\"font-size:12px\"><em><span style=\"color:#999988\">// en-US.js</span></em><span style=\"color:#333333\">exportdefault<span style=\"background-color:#f8f8f8\"> {     </span>day<span style=\"background-color:#f8f8f8\">: {n} day | {n} days }</span></span></span></code></pre>', '2021-03-01 18:50:36', '4', '542', '19', '0');
INSERT INTO `articles` VALUES ('a7fee52eea', '谈谈我怎么使用的 vuex', '<p><span style=\"font-size:24px\"><strong>初识 vuex</strong></span></p><p><br/> <span style=\"line-height:2\">对于 vuex，有人喜欢，有人反感<br/> 喜欢的人觉得它可以很好的解决复杂的数据交互场景<br/> 反感的人觉得它有各种缺点：繁琐冗余的代码编写、维护性差的字符串形式变量注入、过于依赖 vue 框架导致异步扩展场景差<br/> 这其中，有一个很模糊的点，复杂的数据交互场景并没有一个衡量标准，每个人都有自己的见解<br/> 再加上不同人有着不同的项目经历，这就造成了经常会出现有趣的现象：你体会不到我为什么非要使用 vuex，他理解不了这种场景何须使用 vuex，我也讲不明白选择 vuex 的缘由<br/> 借用官网文档一句话：</span></p><p><span style=\"line-height:2\"><br/>  您自会知道什么时候需要它<br/> <br/> 很玄乎，更通俗来讲就是，多踩点坑，多遭遇些痛点，当你的最后一根稻草被压垮时，自然就会去寻找更好的方案解决<br/> 我一直都不喜欢 vuex，因为我觉得它的 <code>mapMutations</code> 或者 <code>mapState</code> 注入到 vue 里的变量和方法都是字符串，极大的破坏了代码的可读性和维护性，没办法通过 idea 快速的跳转到变量定义的地方<br/> 当然，你也可以定义一些静态变量来替换这些字符串就可以解决跳转问题，但代价就是代码更繁琐了，本来使用 vuex 时就需要写一堆繁琐的代码，这下更麻烦<br/> 还有一个不想使用 vuex 的原因是因为我的项目业务逻辑挺复杂，除了 vue  单文件外，项目里还划分了来负责业务逻辑或异步任务的 js 层代码，而 vuex 是为 vue 框架而设计的，存放在 vuex 数据中心的变量可以通过它的一些工具方法来注入到 vue 组件的 computed 计算属性里方便直接使用，比如</span><br/></p><pre><code>import { mapState } from &#x27;vuex&#x27;<br/> export default {  <br/>// 映射 this.count 为 store.state.count <br/>computed: mapState({     count: state =&gt; state.count   }) <br/>}</code></pre><p><span style=\"color:#333333\"><span style=\"font-size:15px\"><span style=\"background-color:#ffffff\">但如果想在 js 文件里使用 vuex 里的数据，就会比较繁琐：</span></span></span></p><p></p><pre><code><span style=\"color:#333333\"><span style=\"font-size:15px\"><span style=\"background-color:#ffffff\"><strong>import store from &#x27;store&#x27;</strong></span></span></span><br/><br/><span style=\"color:#333333\"><span style=\"font-size:15px\"><span style=\"background-color:#ffffff\"><strong>console.log(store.state.count);</strong></span></span></span></code></pre><p><span style=\"color:#333333\"><span style=\"font-size:15px\"><span style=\"background-color:#ffffff\">基于以上种种原因，我迟迟未在项目里使用 vuex</span></span></span></p><p></p><p><strong><span style=\"font-size:18px\">那么，我最后为什么又选择使用了 vuex 呢？</span></strong></p><p>一，项目的一些数据交互场景使用 vue 原生的输入输出方案已经忍不下去了<br/> 二，我想办法解决了我没法忍受的 vuex 的几个缺点了<br/> 三，这是个新项目，并没有复杂的业务场景，项目基本由 vue 单文件来书写即可<br/> 简单来说，就是有个新项目符合适用 vuex 的场景，而且一些组件交互场景使用原生方案过于繁琐，vuex 刚好能够解决这个问题，虽然 vuex 有一定的使用成本，但这些缺点恰好又被我想了一些法子解决或简化掉<br/> 这样一来，引入 vuex 既能解决我的诉求，又不会引入太多我无法接受的缺点，那自然可以来玩一玩<br/></p><p><br/>作者：请叫我大苏<br/>链接：https://juejin.cn/post/6934569178519207949<br/>来源：掘金<br/>著作权归作者所有。商业转载请联系作者获得授权，非商业转载请注明出处。</p>', '2021-03-01 17:59:45', '1', '1326', '23', '0');
INSERT INTO `articles` VALUES ('de7118305d', '学会 Proxy 就可以为所欲为吗？一段巧妙代码的简单解读', '<p><span style=\"color:#333333\"><span style=\"font-size:15px\"><span style=\"background-color:#ffffff\">今天刷 github 的时候，看到 justjavac 大佬 po 出来了这样的一段代码（justjavac/proxy-www）：</span></span></span></p><p></p><pre><code>const www = new Proxy(new URL(&#x27;https://www&#x27;), {     <br/>get: function get(target, prop) {        <br/> let o = Reflect.get(target, prop);         <br/>if (typeof o === &#x27;function&#x27;) {            <br/> return o.bind(target)         <br/>}        <br/> if (typeof prop !== &#x27;string&#x27;) {            <br/> return o;         <br/>}        <br/> if (prop === &#x27;then&#x27;) {            <br/> return Promise.prototype.then.bind(fetch(target));       <br/>  }        <br/> target = new URL(target);        <br/> target.hostname += &#x60;.${prop}&#x60;;         <br/>return new Proxy(target, { get });     } });</code></pre><p>乍一看可能有点不明所以，但使用起来让人眼前一亮！可以直接<em>把<strong>网址作为变量</strong></em>进行访问：</p><p></p><pre><code><span style=\"font-size:12px\"><span style=\"color:#333333\"><span style=\"background-color:#f8f8f8\">www.baidu.com.then(</span>response =&gt;<span style=\"background-color:#f8f8f8\"> {     </span></span><span style=\"color:#0086b3\">console</span><span style=\"color:#333333\"><span style=\"background-color:#f8f8f8\">.log(response.status);     </span></span><em><span style=\"color:#999988\">// ==&gt; 200</span></em><span style=\"color:#333333\"><span style=\"background-color:#f8f8f8\"> })</span></span></span></code></pre><p></p><p><span style=\"color:#333333\"><span style=\"font-size:15px\"><span style=\"background-color:#ffffff\">用</span></span></span><code>async</code><span style=\"color:#333333\"><span style=\"font-size:15px\"><span style=\"background-color:#ffffff\">/</span></span></span><code>await</code><span style=\"color:#333333\"><span style=\"font-size:15px\"><span style=\"background-color:#ffffff\">语法则变得更为简单：</span></span></span></p><pre><code><span style=\"color:#333333\"><span style=\"font-size:12px\">const<span style=\"background-color:#f8f8f8\"> response = </span>await<span style=\"background-color:#f8f8f8\"> www.baidu.com  </span></span></span><br/><span style=\"font-size:12px\"><span style=\"color:#0086b3\">console</span><span style=\"color:#333333\"><span style=\"background-color:#f8f8f8\">.log(response.ok) </span></span><em><span style=\"color:#999988\">// ==&gt; true</span></em></span><br/><span style=\"font-size:12px\"><span style=\"color:#0086b3\">console</span><span style=\"color:#333333\"><span style=\"background-color:#f8f8f8\">.log(response.status); </span></span><em><span style=\"color:#999988\">// ==&gt; 200</span></em></span></code></pre>', '2021-02-23 19:07:28', '1', '863', '5', '0');

-- ----------------------------
-- Table structure for categories
-- ----------------------------
DROP TABLE IF EXISTS `categories`;
CREATE TABLE `categories` (
  `categoryId` int NOT NULL AUTO_INCREMENT,
  `categoryName` varchar(255) CHARACTER SET utf8mb4 COLLATE utf8mb4_general_ci NOT NULL,
  `createdTime` timestamp NOT NULL DEFAULT CURRENT_TIMESTAMP,
  `state` int NOT NULL DEFAULT '0' COMMENT '0代表正常 1代表删除',
  PRIMARY KEY (`categoryId`)
) ENGINE=InnoDB AUTO_INCREMENT=5 DEFAULT CHARSET=utf8mb4 COLLATE=utf8mb4_general_ci;

-- ----------------------------
-- Records of categories
-- ----------------------------
INSERT INTO `categories` VALUES ('1', '前端', '2021-02-22 08:41:54', '0');
INSERT INTO `categories` VALUES ('3', '后端', '2021-02-22 19:39:55', '0');
INSERT INTO `categories` VALUES ('4', '生活', '2021-03-01 18:50:03', '0');

-- ----------------------------
-- Table structure for tags
-- ----------------------------
DROP TABLE IF EXISTS `tags`;
CREATE TABLE `tags` (
  `tagId` int NOT NULL AUTO_INCREMENT,
  `tagName` varchar(255) CHARACTER SET utf8mb4 COLLATE utf8mb4_general_ci NOT NULL,
  `createdTime` timestamp NOT NULL DEFAULT CURRENT_TIMESTAMP,
  `state` int NOT NULL DEFAULT '0' COMMENT '0代表正常 1代表删除',
  PRIMARY KEY (`tagId`)
) ENGINE=InnoDB AUTO_INCREMENT=8 DEFAULT CHARSET=utf8mb4 COLLATE=utf8mb4_general_ci;

-- ----------------------------
-- Records of tags
-- ----------------------------
INSERT INTO `tags` VALUES ('1', 'js', '2021-02-22 08:42:24', '0');
INSERT INTO `tags` VALUES ('2', 'c', '2021-02-23 17:37:19', '0');
INSERT INTO `tags` VALUES ('3', 'css', '2021-02-23 17:41:10', '0');
INSERT INTO `tags` VALUES ('4', 'css3', '2021-02-23 17:41:46', '0');
INSERT INTO `tags` VALUES ('5', 'es6', '2021-02-23 19:04:42', '0');
INSERT INTO `tags` VALUES ('6', 'vue', '2021-03-01 17:59:43', '0');
INSERT INTO `tags` VALUES ('7', '国际事', '2021-03-01 18:50:32', '0');

-- ----------------------------
-- Table structure for tags_articles
-- ----------------------------
DROP TABLE IF EXISTS `tags_articles`;
CREATE TABLE `tags_articles` (
  `id` bigint NOT NULL AUTO_INCREMENT,
  `articleId` varchar(255) COLLATE utf8mb4_general_ci NOT NULL,
  `tagId` bigint NOT NULL,
  PRIMARY KEY (`id`)
) ENGINE=InnoDB AUTO_INCREMENT=7 DEFAULT CHARSET=utf8mb4 COLLATE=utf8mb4_general_ci;

-- ----------------------------
-- Records of tags_articles
-- ----------------------------
INSERT INTO `tags_articles` VALUES ('1', 'de7118305d', '1');
INSERT INTO `tags_articles` VALUES ('2', 'de7118305d', '5');
INSERT INTO `tags_articles` VALUES ('3', '77a0fe85b1', '1');
INSERT INTO `tags_articles` VALUES ('4', 'a7fee52eea', '6');
INSERT INTO `tags_articles` VALUES ('5', '7bd8f803d2', '7');
INSERT INTO `tags_articles` VALUES ('6', '7bd8f803d2', '2');
